{
	"pattrstorage" : 	{
		"name" : "St.ascade",
		"slots" : 		{
			"1" : 			{
				"id" : 1,
				"data" : 				{
					"Filter" : [ 6, 0, 5, 1, 1, 0, 20.0, 1.0, 30.0, 1, 5, 1, 1, 0, 100.0, 1.0, 30.0, 2, 5, 1, 1, 0, 400.0, 1.0, 30.0, 3, 5, 1, 1, 0, 800.0, 1.0, 30.0, 4, 5, 1, 1, 0, 1200.0, 1.0, 30.0, 5, 5, 1, 1, 0, 4000.0, 1.0, 30.0 ],
					"Master" : [ -6.894546 ]
				}

			}
,
			"2" : 			{
				"id" : 2,
				"data" : 				{
					"Filter" : [ 6, 0, 5, 1, 1, 0, 130.813278, 40.282665, 48.0, 1, 5, 1, 1, 0, 261.625977, 35.739594, 50.0, 2, 5, 1, 1, 0, 391.995575, 40.282665, 50.0, 3, 5, 1, 1, 0, 523.250854, 16.93557, 50.0, 4, 5, 1, 1, 0, 640.486694, 18.506437, 50.0, 5, 5, 1, 1, 0, 783.989502, 31.708897, 50.0 ],
					"Master" : [ -6.894546 ]
				}

			}
,
			"3" : 			{
				"id" : 3,
				"data" : 				{
					"Filter" : [ 6, 0, 5, 1, 1, 0, 2092.994385, 44.065071, 50.0, 1, 5, 1, 1, 0, 369.994598, 28.132774, 50.0, 2, 5, 1, 1, 0, 523.250854, 28.132774, 50.0, 3, 5, 1, 1, 0, 698.455444, 31.708897, 50.0, 4, 5, 1, 1, 0, 1479.972168, 33.663967, 50.0, 5, 5, 1, 1, 0, 1318.505737, 44.065071, 50.0 ],
					"Master" : [ -7.854546 ]
				}

			}
,
			"4" : 			{
				"id" : 4,
				"data" : 				{
					"Filter" : [ 6, 0, 5, 1, 1, 0, 391.995575, 44.065071, 50.0, 1, 5, 1, 1, 0, 164.814285, 22.81748, 50.0, 2, 5, 1, 1, 0, 261.625977, 22.81748, 50.0, 3, 5, 1, 1, 0, 523.250854, 25.717945, 50.0, 4, 5, 1, 1, 0, 987.76416, 25.717945, 50.0, 5, 5, 1, 1, 0, 1661.211914, 22.81748, 50.0 ],
					"Master" : [ -7.844849 ]
				}

			}
,
			"5" : 			{
				"id" : 5,
				"data" : 				{
					"Filter" : [ 6, 0, 5, 1, 1, 0, 391.995575, 44.065071, 38.399956, 1, 5, 1, 1, 0, 164.814285, 22.81748, 21.199997, 2, 5, 1, 1, 0, 261.625977, 22.81748, 31.19998, 3, 5, 1, 1, 0, 523.250854, 25.717945, 23.600008, 4, 5, 1, 1, 0, 987.76416, 25.717945, 26.400002, 5, 5, 1, 1, 0, 1661.211914, 22.81748, 25.199995 ],
					"Master" : [ -9.789091 ]
				}

			}
,
			"6" : 			{
				"id" : 6,
				"data" : 				{
					"Filter" : [ 6, 0, 5, 1, 1, 0, 698.455444, 28.132774, 38.399956, 1, 5, 1, 1, 0, 1567.975586, 17.961008, 21.199997, 2, 5, 1, 1, 0, 226.44696, 1.54517, 31.19998, 3, 5, 1, 1, 0, 329.627838, 16.419289, 23.600008, 4, 5, 1, 1, 0, 493.883148, 14.567528, 26.400002, 5, 5, 1, 1, 0, 987.76416, 14.567528, 25.199995 ],
					"Master" : [ -7.854546 ]
				}

			}
,
			"7" : 			{
				"id" : 7,
				"data" : 				{
					"Filter" : [ 6, 0, 5, 1, 1, 0, 1174.655518, 12.924605, 38.399956, 1, 5, 1, 1, 0, 1357.140747, 6.692533, 21.199997, 2, 5, 1, 1, 0, 698.455444, 8.251549, 31.19998, 3, 5, 1, 1, 0, 640.486694, 28.132774, 23.600008, 4, 5, 1, 1, 0, 678.571838, 40.282665, 26.400002, 5, 5, 1, 1, 0, 523.250854, 16.419289, 25.199995 ],
					"Master" : [ -23.219395 ]
				}

			}
,
			"8" : 			{
				"id" : 8,
				"data" : 				{
					"Filter" : [ 6, 0, 5, 1, 1, 0, 1174.655518, 12.924605, 38.399956, 1, 5, 1, 1, 0, 1357.140747, 6.692533, 21.199997, 2, 5, 1, 1, 0, 50.787773, 0.337981, 2.995126, 3, 5, 1, 1, 0, 200.563766, 16.000021, 23.600008, 4, 5, 1, 1, 0, 678.571838, 40.282665, 26.400002, 5, 5, 1, 1, 0, 523.250854, 16.419289, 25.199995 ],
					"Master" : [ -13.027879 ]
				}

			}
,
			"9" : 			{
				"id" : 9,
				"data" : 				{
					"Filter" : [ 6, 0, 5, 1, 1, 0, 1174.655518, 5.74902, 4.792346, 1, 5, 1, 1, 0, 2625.372314, 5.413053, 8.129259, 2, 5, 1, 1, 0, 92.619278, 7.314691, 6.761594, 3, 5, 1, 1, 0, 200.563766, 16.000021, 23.600008, 4, 5, 1, 1, 0, 678.571838, 40.282665, 26.400002, 5, 5, 1, 1, 0, 523.250854, 16.419289, 25.199995 ],
					"Master" : [ -9.226666 ]
				}

			}
,
			"10" : 			{
				"id" : 10,
				"data" : 				{
					"Filter" : [ 6, 0, 5, 1, 1, 0, 1748.697754, 2.964118, 2.354575, 1, 5, 1, 1, 0, 5915.558594, 2.627709, 2.470351, 2, 5, 1, 1, 0, 40.010582, 1.064212, 11.887648, 3, 5, 1, 1, 0, 83.487381, 2.193273, 2.636344, 4, 5, 1, 1, 0, 836.780701, 2.32946, 5.033067, 5, 5, 1, 1, 0, 252.528503, 1.830618, 2.827296 ],
					"Master" : [ -12.586667 ]
				}

			}
,
			"11" : 			{
				"id" : 11,
				"data" : 				{
					"Filter" : [ 6, 0, 5, 1, 1, 0, 130.813278, 40.282665, 50.0, 1, 5, 1, 1, 0, 261.625977, 35.739594, 50.0, 2, 5, 1, 1, 0, 391.995575, 40.282665, 50.0, 3, 5, 1, 1, 0, 523.250854, 1.0, 50.0, 4, 5, 1, 1, 0, 640.486694, 18.506437, 50.0, 5, 5, 1, 1, 0, 783.989502, 31.708897, 50.0 ],
					"Master" : [ -10.20606 ]
				}

			}
,
			"12" : 			{
				"id" : 12,
				"data" : 				{
					"Filter" : [ 6, 0, 5, 1, 1, 0, 783.989502, 35.739594, 48.0, 1, 5, 1, 1, 0, 391.995575, 20.244135, 50.0, 2, 5, 1, 1, 0, 523.250854, 20.244135, 50.0, 3, 5, 1, 1, 0, 261.625977, 40.282665, 50.0, 4, 5, 1, 1, 0, 1046.499512, 11.466973, 50.0, 5, 5, 1, 1, 0, 640.486694, 41.505943, 50.0 ],
					"Master" : [  ]
				}

			}
,
			"35" : 			{
				"id" : 35,
				"data" : 				{
					"Filter" : [ 6, 0, 5, 1, 1, 0, 20.0, 1.0, 30.0, 1, 5, 1, 1, 0, 100.0, 1.0, 30.0, 2, 5, 1, 1, 0, 400.0, 1.0, 30.0, 3, 5, 1, 1, 0, 800.0, 1.0, 30.0, 4, 5, 1, 1, 0, 1200.0, 1.0, 30.0, 5, 5, 1, 1, 0, 4000.0, 1.0, 30.0 ],
					"Master" : [ -6.894546 ]
				}

			}
,
			"51" : 			{
				"id" : 51,
				"name" : " ",
				"data" : 				{
					"Filter" : [  ],
					"Master" : [  ]
				}

			}

		}

	}

}
